model,fold,feature,importance,r2,mae
ExtraTree_RFE,0,original_shape2D_Elongation,0.0,-0.642464561766531,0.22338991262142024
ExtraTree_RFE,0,original_shape2D_MajorAxisLength,0.0,-0.642464561766531,0.22338991262142024
ExtraTree_RFE,0,original_shape2D_MeshSurface,0.0,-0.642464561766531,0.22338991262142024
ExtraTree_RFE,0,original_shape2D_MinorAxisLength,0.05616931297006,-0.642464561766531,0.22338991262142024
ExtraTree_RFE,0,original_shape2D_Perimeter,0.0,-0.642464561766531,0.22338991262142024
ExtraTree_RFE,0,original_shape2D_PerimeterSurfaceRatio,0.13241591143142756,-0.642464561766531,0.22338991262142024
ExtraTree_RFE,0,original_shape2D_Sphericity,0.10382777292757131,-0.642464561766531,0.22338991262142024
ExtraTree_RFE,0,original_firstorder_10Percentile,0.07477902869117255,-0.642464561766531,0.22338991262142024
ExtraTree_RFE,0,original_firstorder_90Percentile,0.0,-0.642464561766531,0.22338991262142024
ExtraTree_RFE,0,original_firstorder_Energy,0.06602749876726773,-0.642464561766531,0.22338991262142024
ExtraTree_RFE,0,original_firstorder_InterquartileRange,0.05700289332642249,-0.642464561766531,0.22338991262142024
ExtraTree_RFE,0,original_firstorder_Kurtosis,0.06863781819317259,-0.642464561766531,0.22338991262142024
ExtraTree_RFE,0,original_firstorder_Maximum,0.06556831297607059,-0.642464561766531,0.22338991262142024
ExtraTree_RFE,0,original_firstorder_MeanAbsoluteDeviation,0.0,-0.642464561766531,0.22338991262142024
ExtraTree_RFE,0,original_firstorder_Minimum,0.0,-0.642464561766531,0.22338991262142024
ExtraTree_RFE,0,original_firstorder_RootMeanSquared,0.0753246319546691,-0.642464561766531,0.22338991262142024
ExtraTree_RFE,0,original_firstorder_Skewness,0.0,-0.642464561766531,0.22338991262142024
ExtraTree_RFE,0,original_glrlm_LongRunEmphasis,0.0,-0.642464561766531,0.22338991262142024
ExtraTree_RFE,0,original_glrlm_RunEntropy,0.07254898638783494,-0.642464561766531,0.22338991262142024
ExtraTree_RFE,0,original_glrlm_RunLengthNonUniformityNormalized,0.0,-0.642464561766531,0.22338991262142024
ExtraTree_RFE,0,original_gldm_DependenceNonUniformityNormalized,0.13912921146488302,-0.642464561766531,0.22338991262142024
ExtraTree_RFE,0,original_gldm_DependenceVariance,0.0,-0.642464561766531,0.22338991262142024
ExtraTree_RFE,0,original_gldm_SmallDependenceHighGrayLevelEmphasis,0.0,-0.642464561766531,0.22338991262142024
ExtraTree_RFE,0,original_gldm_SmallDependenceLowGrayLevelEmphasis,0.08856862090944803,-0.642464561766531,0.22338991262142024
ExtraTree_RFE,0,original_ngtdm_Contrast,0.0,-0.642464561766531,0.22338991262142024
ExtraTree_RFE,1,original_shape2D_Elongation,0.0,-0.6277923118807482,0.17457354550033788
ExtraTree_RFE,1,original_shape2D_MajorAxisLength,0.0,-0.6277923118807482,0.17457354550033788
ExtraTree_RFE,1,original_shape2D_MeshSurface,0.0,-0.6277923118807482,0.17457354550033788
ExtraTree_RFE,1,original_shape2D_MinorAxisLength,0.0,-0.6277923118807482,0.17457354550033788
ExtraTree_RFE,1,original_shape2D_Perimeter,0.0,-0.6277923118807482,0.17457354550033788
ExtraTree_RFE,1,original_shape2D_PerimeterSurfaceRatio,0.18694993571222876,-0.6277923118807482,0.17457354550033788
ExtraTree_RFE,1,original_shape2D_Sphericity,0.10158673147104046,-0.6277923118807482,0.17457354550033788
ExtraTree_RFE,1,original_firstorder_10Percentile,0.0807131978252788,-0.6277923118807482,0.17457354550033788
ExtraTree_RFE,1,original_firstorder_90Percentile,0.07654472665672771,-0.6277923118807482,0.17457354550033788
ExtraTree_RFE,1,original_firstorder_Energy,0.052995200996652704,-0.6277923118807482,0.17457354550033788
ExtraTree_RFE,1,original_firstorder_InterquartileRange,0.0,-0.6277923118807482,0.17457354550033788
ExtraTree_RFE,1,original_firstorder_Kurtosis,0.0,-0.6277923118807482,0.17457354550033788
ExtraTree_RFE,1,original_firstorder_Maximum,0.07897510142724842,-0.6277923118807482,0.17457354550033788
ExtraTree_RFE,1,original_firstorder_MeanAbsoluteDeviation,0.0,-0.6277923118807482,0.17457354550033788
ExtraTree_RFE,1,original_firstorder_Minimum,0.05215717567630918,-0.6277923118807482,0.17457354550033788
ExtraTree_RFE,1,original_firstorder_RootMeanSquared,0.0,-0.6277923118807482,0.17457354550033788
ExtraTree_RFE,1,original_firstorder_Skewness,0.07312251392506838,-0.6277923118807482,0.17457354550033788
ExtraTree_RFE,1,original_glrlm_LongRunEmphasis,0.0,-0.6277923118807482,0.17457354550033788
ExtraTree_RFE,1,original_glrlm_RunEntropy,0.040247643788913996,-0.6277923118807482,0.17457354550033788
ExtraTree_RFE,1,original_glrlm_RunLengthNonUniformityNormalized,0.043127956388179796,-0.6277923118807482,0.17457354550033788
ExtraTree_RFE,1,original_gldm_DependenceNonUniformityNormalized,0.13759394102645892,-0.6277923118807482,0.17457354550033788
ExtraTree_RFE,1,original_gldm_DependenceVariance,0.0,-0.6277923118807482,0.17457354550033788
ExtraTree_RFE,1,original_gldm_SmallDependenceHighGrayLevelEmphasis,0.0,-0.6277923118807482,0.17457354550033788
ExtraTree_RFE,1,original_gldm_SmallDependenceLowGrayLevelEmphasis,0.07598587510589283,-0.6277923118807482,0.17457354550033788
ExtraTree_RFE,1,original_ngtdm_Contrast,0.0,-0.6277923118807482,0.17457354550033788
ExtraTree_RFE,2,original_shape2D_Elongation,0.0,-0.44301019484379567,0.1636982919706824
ExtraTree_RFE,2,original_shape2D_MajorAxisLength,0.0,-0.44301019484379567,0.1636982919706824
ExtraTree_RFE,2,original_shape2D_MeshSurface,0.058522595881604716,-0.44301019484379567,0.1636982919706824
ExtraTree_RFE,2,original_shape2D_MinorAxisLength,0.0,-0.44301019484379567,0.1636982919706824
ExtraTree_RFE,2,original_shape2D_Perimeter,0.0,-0.44301019484379567,0.1636982919706824
ExtraTree_RFE,2,original_shape2D_PerimeterSurfaceRatio,0.14259356274358012,-0.44301019484379567,0.1636982919706824
ExtraTree_RFE,2,original_shape2D_Sphericity,0.11199288506549326,-0.44301019484379567,0.1636982919706824
ExtraTree_RFE,2,original_firstorder_10Percentile,0.0,-0.44301019484379567,0.1636982919706824
ExtraTree_RFE,2,original_firstorder_90Percentile,0.0,-0.44301019484379567,0.1636982919706824
ExtraTree_RFE,2,original_firstorder_Energy,0.0666289225185158,-0.44301019484379567,0.1636982919706824
ExtraTree_RFE,2,original_firstorder_InterquartileRange,0.08039337617027249,-0.44301019484379567,0.1636982919706824
ExtraTree_RFE,2,original_firstorder_Kurtosis,0.07679350751750443,-0.44301019484379567,0.1636982919706824
ExtraTree_RFE,2,original_firstorder_Maximum,0.09262288151939392,-0.44301019484379567,0.1636982919706824
ExtraTree_RFE,2,original_firstorder_MeanAbsoluteDeviation,0.05991189426676522,-0.44301019484379567,0.1636982919706824
ExtraTree_RFE,2,original_firstorder_Minimum,0.0,-0.44301019484379567,0.1636982919706824
ExtraTree_RFE,2,original_firstorder_RootMeanSquared,0.0,-0.44301019484379567,0.1636982919706824
ExtraTree_RFE,2,original_firstorder_Skewness,0.0,-0.44301019484379567,0.1636982919706824
ExtraTree_RFE,2,original_glrlm_LongRunEmphasis,0.08656497487434987,-0.44301019484379567,0.1636982919706824
ExtraTree_RFE,2,original_glrlm_RunEntropy,0.0,-0.44301019484379567,0.1636982919706824
ExtraTree_RFE,2,original_glrlm_RunLengthNonUniformityNormalized,0.0,-0.44301019484379567,0.1636982919706824
ExtraTree_RFE,2,original_gldm_DependenceNonUniformityNormalized,0.07176331473487342,-0.44301019484379567,0.1636982919706824
ExtraTree_RFE,2,original_gldm_DependenceVariance,0.0,-0.44301019484379567,0.1636982919706824
ExtraTree_RFE,2,original_gldm_SmallDependenceHighGrayLevelEmphasis,0.0504657045405582,-0.44301019484379567,0.1636982919706824
ExtraTree_RFE,2,original_gldm_SmallDependenceLowGrayLevelEmphasis,0.10174638016708856,-0.44301019484379567,0.1636982919706824
ExtraTree_RFE,2,original_ngtdm_Contrast,0.0,-0.44301019484379567,0.1636982919706824
ExtraTree_RFE,3,original_shape2D_Elongation,0.05943472389350946,-0.28884428357209235,0.12997033579510114
ExtraTree_RFE,3,original_shape2D_MajorAxisLength,0.0,-0.28884428357209235,0.12997033579510114
ExtraTree_RFE,3,original_shape2D_MeshSurface,0.0,-0.28884428357209235,0.12997033579510114
ExtraTree_RFE,3,original_shape2D_MinorAxisLength,0.0,-0.28884428357209235,0.12997033579510114
ExtraTree_RFE,3,original_shape2D_Perimeter,0.0,-0.28884428357209235,0.12997033579510114
ExtraTree_RFE,3,original_shape2D_PerimeterSurfaceRatio,0.11430222935037958,-0.28884428357209235,0.12997033579510114
ExtraTree_RFE,3,original_shape2D_Sphericity,0.13925612927330516,-0.28884428357209235,0.12997033579510114
ExtraTree_RFE,3,original_firstorder_10Percentile,0.044133391988379116,-0.28884428357209235,0.12997033579510114
ExtraTree_RFE,3,original_firstorder_90Percentile,0.058873086663011165,-0.28884428357209235,0.12997033579510114
ExtraTree_RFE,3,original_firstorder_Energy,0.0,-0.28884428357209235,0.12997033579510114
ExtraTree_RFE,3,original_firstorder_InterquartileRange,0.09196094911350526,-0.28884428357209235,0.12997033579510114
ExtraTree_RFE,3,original_firstorder_Kurtosis,0.10166527107251354,-0.28884428357209235,0.12997033579510114
ExtraTree_RFE,3,original_firstorder_Maximum,0.07528132728928091,-0.28884428357209235,0.12997033579510114
ExtraTree_RFE,3,original_firstorder_MeanAbsoluteDeviation,0.0,-0.28884428357209235,0.12997033579510114
ExtraTree_RFE,3,original_firstorder_Minimum,0.0,-0.28884428357209235,0.12997033579510114
ExtraTree_RFE,3,original_firstorder_RootMeanSquared,0.0589737705613407,-0.28884428357209235,0.12997033579510114
ExtraTree_RFE,3,original_firstorder_Skewness,0.0,-0.28884428357209235,0.12997033579510114
ExtraTree_RFE,3,original_glrlm_LongRunEmphasis,0.07143624692164975,-0.28884428357209235,0.12997033579510114
ExtraTree_RFE,3,original_glrlm_RunEntropy,0.0,-0.28884428357209235,0.12997033579510114
ExtraTree_RFE,3,original_glrlm_RunLengthNonUniformityNormalized,0.0,-0.28884428357209235,0.12997033579510114
ExtraTree_RFE,3,original_gldm_DependenceNonUniformityNormalized,0.0,-0.28884428357209235,0.12997033579510114
ExtraTree_RFE,3,original_gldm_DependenceVariance,0.0,-0.28884428357209235,0.12997033579510114
ExtraTree_RFE,3,original_gldm_SmallDependenceHighGrayLevelEmphasis,0.0,-0.28884428357209235,0.12997033579510114
ExtraTree_RFE,3,original_gldm_SmallDependenceLowGrayLevelEmphasis,0.13398687999427245,-0.28884428357209235,0.12997033579510114
ExtraTree_RFE,3,original_ngtdm_Contrast,0.050695993878852874,-0.28884428357209235,0.12997033579510114
ExtraTree_RFE,4,original_shape2D_Elongation,0.0,-0.2413246711881365,0.22331805233418472
ExtraTree_RFE,4,original_shape2D_MajorAxisLength,0.0,-0.2413246711881365,0.22331805233418472
ExtraTree_RFE,4,original_shape2D_MeshSurface,0.04579283372440766,-0.2413246711881365,0.22331805233418472
ExtraTree_RFE,4,original_shape2D_MinorAxisLength,0.0,-0.2413246711881365,0.22331805233418472
ExtraTree_RFE,4,original_shape2D_Perimeter,0.0,-0.2413246711881365,0.22331805233418472
ExtraTree_RFE,4,original_shape2D_PerimeterSurfaceRatio,0.15433419907996804,-0.2413246711881365,0.22331805233418472
ExtraTree_RFE,4,original_shape2D_Sphericity,0.09589049379900762,-0.2413246711881365,0.22331805233418472
ExtraTree_RFE,4,original_firstorder_10Percentile,0.05276302947176745,-0.2413246711881365,0.22331805233418472
ExtraTree_RFE,4,original_firstorder_90Percentile,0.050032940882221225,-0.2413246711881365,0.22331805233418472
ExtraTree_RFE,4,original_firstorder_Energy,0.0,-0.2413246711881365,0.22331805233418472
ExtraTree_RFE,4,original_firstorder_InterquartileRange,0.0,-0.2413246711881365,0.22331805233418472
ExtraTree_RFE,4,original_firstorder_Kurtosis,0.07020078392117558,-0.2413246711881365,0.22331805233418472
ExtraTree_RFE,4,original_firstorder_Maximum,0.08253269657127209,-0.2413246711881365,0.22331805233418472
ExtraTree_RFE,4,original_firstorder_MeanAbsoluteDeviation,0.08346883891615309,-0.2413246711881365,0.22331805233418472
ExtraTree_RFE,4,original_firstorder_Minimum,0.0,-0.2413246711881365,0.22331805233418472
ExtraTree_RFE,4,original_firstorder_RootMeanSquared,0.0,-0.2413246711881365,0.22331805233418472
ExtraTree_RFE,4,original_firstorder_Skewness,0.0,-0.2413246711881365,0.22331805233418472
ExtraTree_RFE,4,original_glrlm_LongRunEmphasis,0.11100998594790429,-0.2413246711881365,0.22331805233418472
ExtraTree_RFE,4,original_glrlm_RunEntropy,0.0598515993291105,-0.2413246711881365,0.22331805233418472
ExtraTree_RFE,4,original_glrlm_RunLengthNonUniformityNormalized,0.0,-0.2413246711881365,0.22331805233418472
ExtraTree_RFE,4,original_gldm_DependenceNonUniformityNormalized,0.1288036699288374,-0.2413246711881365,0.22331805233418472
ExtraTree_RFE,4,original_gldm_DependenceVariance,0.06531892842817512,-0.2413246711881365,0.22331805233418472
ExtraTree_RFE,4,original_gldm_SmallDependenceHighGrayLevelEmphasis,0.0,-0.2413246711881365,0.22331805233418472
ExtraTree_RFE,4,original_gldm_SmallDependenceLowGrayLevelEmphasis,0.0,-0.2413246711881365,0.22331805233418472
ExtraTree_RFE,4,original_ngtdm_Contrast,0.0,-0.2413246711881365,0.22331805233418472
ExtraTree_RFE,5,original_shape2D_Elongation,0.0,-0.3658286438313476,0.15592209018114533
ExtraTree_RFE,5,original_shape2D_MajorAxisLength,0.0,-0.3658286438313476,0.15592209018114533
ExtraTree_RFE,5,original_shape2D_MeshSurface,0.0,-0.3658286438313476,0.15592209018114533
ExtraTree_RFE,5,original_shape2D_MinorAxisLength,0.09661754978539393,-0.3658286438313476,0.15592209018114533
ExtraTree_RFE,5,original_shape2D_Perimeter,0.0,-0.3658286438313476,0.15592209018114533
ExtraTree_RFE,5,original_shape2D_PerimeterSurfaceRatio,0.11888482999852464,-0.3658286438313476,0.15592209018114533
ExtraTree_RFE,5,original_shape2D_Sphericity,0.12548845328808814,-0.3658286438313476,0.15592209018114533
ExtraTree_RFE,5,original_firstorder_10Percentile,0.0,-0.3658286438313476,0.15592209018114533
ExtraTree_RFE,5,original_firstorder_90Percentile,0.047002638232904285,-0.3658286438313476,0.15592209018114533
ExtraTree_RFE,5,original_firstorder_Energy,0.08763893039340842,-0.3658286438313476,0.15592209018114533
ExtraTree_RFE,5,original_firstorder_InterquartileRange,0.0,-0.3658286438313476,0.15592209018114533
ExtraTree_RFE,5,original_firstorder_Kurtosis,0.05179441008989963,-0.3658286438313476,0.15592209018114533
ExtraTree_RFE,5,original_firstorder_Maximum,0.08718367686766536,-0.3658286438313476,0.15592209018114533
ExtraTree_RFE,5,original_firstorder_MeanAbsoluteDeviation,0.07187140435858928,-0.3658286438313476,0.15592209018114533
ExtraTree_RFE,5,original_firstorder_Minimum,0.0627106768280346,-0.3658286438313476,0.15592209018114533
ExtraTree_RFE,5,original_firstorder_RootMeanSquared,0.0,-0.3658286438313476,0.15592209018114533
ExtraTree_RFE,5,original_firstorder_Skewness,0.0,-0.3658286438313476,0.15592209018114533
ExtraTree_RFE,5,original_glrlm_LongRunEmphasis,0.09826714552593566,-0.3658286438313476,0.15592209018114533
ExtraTree_RFE,5,original_glrlm_RunEntropy,0.0,-0.3658286438313476,0.15592209018114533
ExtraTree_RFE,5,original_glrlm_RunLengthNonUniformityNormalized,0.0,-0.3658286438313476,0.15592209018114533
ExtraTree_RFE,5,original_gldm_DependenceNonUniformityNormalized,0.0,-0.3658286438313476,0.15592209018114533
ExtraTree_RFE,5,original_gldm_DependenceVariance,0.0,-0.3658286438313476,0.15592209018114533
ExtraTree_RFE,5,original_gldm_SmallDependenceHighGrayLevelEmphasis,0.0,-0.3658286438313476,0.15592209018114533
ExtraTree_RFE,5,original_gldm_SmallDependenceLowGrayLevelEmphasis,0.10295613198975065,-0.3658286438313476,0.15592209018114533
ExtraTree_RFE,5,original_ngtdm_Contrast,0.049584152641805455,-0.3658286438313476,0.15592209018114533
ExtraTree_RFE,6,original_shape2D_Elongation,0.0,-1.1043122464168493,0.16397698871543676
ExtraTree_RFE,6,original_shape2D_MajorAxisLength,0.0,-1.1043122464168493,0.16397698871543676
ExtraTree_RFE,6,original_shape2D_MeshSurface,0.0,-1.1043122464168493,0.16397698871543676
ExtraTree_RFE,6,original_shape2D_MinorAxisLength,0.11185834658540295,-1.1043122464168493,0.16397698871543676
ExtraTree_RFE,6,original_shape2D_Perimeter,0.0,-1.1043122464168493,0.16397698871543676
ExtraTree_RFE,6,original_shape2D_PerimeterSurfaceRatio,0.14023922630728794,-1.1043122464168493,0.16397698871543676
ExtraTree_RFE,6,original_shape2D_Sphericity,0.10467234724463596,-1.1043122464168493,0.16397698871543676
ExtraTree_RFE,6,original_firstorder_10Percentile,0.09225629833248791,-1.1043122464168493,0.16397698871543676
ExtraTree_RFE,6,original_firstorder_90Percentile,0.06601645943109836,-1.1043122464168493,0.16397698871543676
ExtraTree_RFE,6,original_firstorder_Energy,0.06541860372159759,-1.1043122464168493,0.16397698871543676
ExtraTree_RFE,6,original_firstorder_InterquartileRange,0.051230642930964056,-1.1043122464168493,0.16397698871543676
ExtraTree_RFE,6,original_firstorder_Kurtosis,0.0,-1.1043122464168493,0.16397698871543676
ExtraTree_RFE,6,original_firstorder_Maximum,0.08099503181325014,-1.1043122464168493,0.16397698871543676
ExtraTree_RFE,6,original_firstorder_MeanAbsoluteDeviation,0.05234423040534538,-1.1043122464168493,0.16397698871543676
ExtraTree_RFE,6,original_firstorder_Minimum,0.0,-1.1043122464168493,0.16397698871543676
ExtraTree_RFE,6,original_firstorder_RootMeanSquared,0.0,-1.1043122464168493,0.16397698871543676
ExtraTree_RFE,6,original_firstorder_Skewness,0.0,-1.1043122464168493,0.16397698871543676
ExtraTree_RFE,6,original_glrlm_LongRunEmphasis,0.0,-1.1043122464168493,0.16397698871543676
ExtraTree_RFE,6,original_glrlm_RunEntropy,0.05698345579117533,-1.1043122464168493,0.16397698871543676
ExtraTree_RFE,6,original_glrlm_RunLengthNonUniformityNormalized,0.0,-1.1043122464168493,0.16397698871543676
ExtraTree_RFE,6,original_gldm_DependenceNonUniformityNormalized,0.09825009723589871,-1.1043122464168493,0.16397698871543676
ExtraTree_RFE,6,original_gldm_DependenceVariance,0.0,-1.1043122464168493,0.16397698871543676
ExtraTree_RFE,6,original_gldm_SmallDependenceHighGrayLevelEmphasis,0.0,-1.1043122464168493,0.16397698871543676
ExtraTree_RFE,6,original_gldm_SmallDependenceLowGrayLevelEmphasis,0.07973526020085574,-1.1043122464168493,0.16397698871543676
ExtraTree_RFE,6,original_ngtdm_Contrast,0.0,-1.1043122464168493,0.16397698871543676
ExtraTree_RFE,7,original_shape2D_Elongation,0.0,-0.28515176951134147,0.18813912942454938
ExtraTree_RFE,7,original_shape2D_MajorAxisLength,0.0,-0.28515176951134147,0.18813912942454938
ExtraTree_RFE,7,original_shape2D_MeshSurface,0.0,-0.28515176951134147,0.18813912942454938
ExtraTree_RFE,7,original_shape2D_MinorAxisLength,0.11206120324602377,-0.28515176951134147,0.18813912942454938
ExtraTree_RFE,7,original_shape2D_Perimeter,0.0,-0.28515176951134147,0.18813912942454938
ExtraTree_RFE,7,original_shape2D_PerimeterSurfaceRatio,0.12498465272731063,-0.28515176951134147,0.18813912942454938
ExtraTree_RFE,7,original_shape2D_Sphericity,0.12004173443349071,-0.28515176951134147,0.18813912942454938
ExtraTree_RFE,7,original_firstorder_10Percentile,0.04425384745797698,-0.28515176951134147,0.18813912942454938
ExtraTree_RFE,7,original_firstorder_90Percentile,0.0,-0.28515176951134147,0.18813912942454938
ExtraTree_RFE,7,original_firstorder_Energy,0.0,-0.28515176951134147,0.18813912942454938
ExtraTree_RFE,7,original_firstorder_InterquartileRange,0.06478802762754945,-0.28515176951134147,0.18813912942454938
ExtraTree_RFE,7,original_firstorder_Kurtosis,0.07773919194472981,-0.28515176951134147,0.18813912942454938
ExtraTree_RFE,7,original_firstorder_Maximum,0.06619485495219002,-0.28515176951134147,0.18813912942454938
ExtraTree_RFE,7,original_firstorder_MeanAbsoluteDeviation,0.06834126270322512,-0.28515176951134147,0.18813912942454938
ExtraTree_RFE,7,original_firstorder_Minimum,0.0,-0.28515176951134147,0.18813912942454938
ExtraTree_RFE,7,original_firstorder_RootMeanSquared,0.0,-0.28515176951134147,0.18813912942454938
ExtraTree_RFE,7,original_firstorder_Skewness,0.0,-0.28515176951134147,0.18813912942454938
ExtraTree_RFE,7,original_glrlm_LongRunEmphasis,0.0,-0.28515176951134147,0.18813912942454938
ExtraTree_RFE,7,original_glrlm_RunEntropy,0.058401549014592574,-0.28515176951134147,0.18813912942454938
ExtraTree_RFE,7,original_glrlm_RunLengthNonUniformityNormalized,0.0,-0.28515176951134147,0.18813912942454938
ExtraTree_RFE,7,original_gldm_DependenceNonUniformityNormalized,0.0,-0.28515176951134147,0.18813912942454938
ExtraTree_RFE,7,original_gldm_DependenceVariance,0.04072089082916186,-0.28515176951134147,0.18813912942454938
ExtraTree_RFE,7,original_gldm_SmallDependenceHighGrayLevelEmphasis,0.0,-0.28515176951134147,0.18813912942454938
ExtraTree_RFE,7,original_gldm_SmallDependenceLowGrayLevelEmphasis,0.14665944905744194,-0.28515176951134147,0.18813912942454938
ExtraTree_RFE,7,original_ngtdm_Contrast,0.07581333600630705,-0.28515176951134147,0.18813912942454938
ExtraTree_RFE,8,original_shape2D_Elongation,0.05589211673955085,-0.8030857200735739,0.18464300790556562
ExtraTree_RFE,8,original_shape2D_MajorAxisLength,0.0,-0.8030857200735739,0.18464300790556562
ExtraTree_RFE,8,original_shape2D_MeshSurface,0.0,-0.8030857200735739,0.18464300790556562
ExtraTree_RFE,8,original_shape2D_MinorAxisLength,0.0,-0.8030857200735739,0.18464300790556562
ExtraTree_RFE,8,original_shape2D_Perimeter,0.0,-0.8030857200735739,0.18464300790556562
ExtraTree_RFE,8,original_shape2D_PerimeterSurfaceRatio,0.10542463340789571,-0.8030857200735739,0.18464300790556562
ExtraTree_RFE,8,original_shape2D_Sphericity,0.10817036265623789,-0.8030857200735739,0.18464300790556562
ExtraTree_RFE,8,original_firstorder_10Percentile,0.0,-0.8030857200735739,0.18464300790556562
ExtraTree_RFE,8,original_firstorder_90Percentile,0.0,-0.8030857200735739,0.18464300790556562
ExtraTree_RFE,8,original_firstorder_Energy,0.0,-0.8030857200735739,0.18464300790556562
ExtraTree_RFE,8,original_firstorder_InterquartileRange,0.057041831877061584,-0.8030857200735739,0.18464300790556562
ExtraTree_RFE,8,original_firstorder_Kurtosis,0.09522516794264442,-0.8030857200735739,0.18464300790556562
ExtraTree_RFE,8,original_firstorder_Maximum,0.08239570778532408,-0.8030857200735739,0.18464300790556562
ExtraTree_RFE,8,original_firstorder_MeanAbsoluteDeviation,0.0801166042910579,-0.8030857200735739,0.18464300790556562
ExtraTree_RFE,8,original_firstorder_Minimum,0.05297928184693538,-0.8030857200735739,0.18464300790556562
ExtraTree_RFE,8,original_firstorder_RootMeanSquared,0.0,-0.8030857200735739,0.18464300790556562
ExtraTree_RFE,8,original_firstorder_Skewness,0.0,-0.8030857200735739,0.18464300790556562
ExtraTree_RFE,8,original_glrlm_LongRunEmphasis,0.0,-0.8030857200735739,0.18464300790556562
ExtraTree_RFE,8,original_glrlm_RunEntropy,0.05545839575335554,-0.8030857200735739,0.18464300790556562
ExtraTree_RFE,8,original_glrlm_RunLengthNonUniformityNormalized,0.0,-0.8030857200735739,0.18464300790556562
ExtraTree_RFE,8,original_gldm_DependenceNonUniformityNormalized,0.0952499151018308,-0.8030857200735739,0.18464300790556562
ExtraTree_RFE,8,original_gldm_DependenceVariance,0.0,-0.8030857200735739,0.18464300790556562
ExtraTree_RFE,8,original_gldm_SmallDependenceHighGrayLevelEmphasis,0.0,-0.8030857200735739,0.18464300790556562
ExtraTree_RFE,8,original_gldm_SmallDependenceLowGrayLevelEmphasis,0.14593932778068655,-0.8030857200735739,0.18464300790556562
ExtraTree_RFE,8,original_ngtdm_Contrast,0.06610665481741924,-0.8030857200735739,0.18464300790556562
ExtraTree_RFE,9,original_shape2D_Elongation,0.0,-0.45891021005278665,0.16827998927772259
ExtraTree_RFE,9,original_shape2D_MajorAxisLength,0.0,-0.45891021005278665,0.16827998927772259
ExtraTree_RFE,9,original_shape2D_MeshSurface,0.0,-0.45891021005278665,0.16827998927772259
ExtraTree_RFE,9,original_shape2D_MinorAxisLength,0.0,-0.45891021005278665,0.16827998927772259
ExtraTree_RFE,9,original_shape2D_Perimeter,0.0,-0.45891021005278665,0.16827998927772259
ExtraTree_RFE,9,original_shape2D_PerimeterSurfaceRatio,0.1500218040070635,-0.45891021005278665,0.16827998927772259
ExtraTree_RFE,9,original_shape2D_Sphericity,0.11977800675136012,-0.45891021005278665,0.16827998927772259
ExtraTree_RFE,9,original_firstorder_10Percentile,0.0,-0.45891021005278665,0.16827998927772259
ExtraTree_RFE,9,original_firstorder_90Percentile,0.07398210782736821,-0.45891021005278665,0.16827998927772259
ExtraTree_RFE,9,original_firstorder_Energy,0.08610530919159792,-0.45891021005278665,0.16827998927772259
ExtraTree_RFE,9,original_firstorder_InterquartileRange,0.0,-0.45891021005278665,0.16827998927772259
ExtraTree_RFE,9,original_firstorder_Kurtosis,0.07510787207285823,-0.45891021005278665,0.16827998927772259
ExtraTree_RFE,9,original_firstorder_Maximum,0.09625857836953318,-0.45891021005278665,0.16827998927772259
ExtraTree_RFE,9,original_firstorder_MeanAbsoluteDeviation,0.06866657407081096,-0.45891021005278665,0.16827998927772259
ExtraTree_RFE,9,original_firstorder_Minimum,0.0,-0.45891021005278665,0.16827998927772259
ExtraTree_RFE,9,original_firstorder_RootMeanSquared,0.052016121429470034,-0.45891021005278665,0.16827998927772259
ExtraTree_RFE,9,original_firstorder_Skewness,0.0,-0.45891021005278665,0.16827998927772259
ExtraTree_RFE,9,original_glrlm_LongRunEmphasis,0.0,-0.45891021005278665,0.16827998927772259
ExtraTree_RFE,9,original_glrlm_RunEntropy,0.0,-0.45891021005278665,0.16827998927772259
ExtraTree_RFE,9,original_glrlm_RunLengthNonUniformityNormalized,0.05741619824423042,-0.45891021005278665,0.16827998927772259
ExtraTree_RFE,9,original_gldm_DependenceNonUniformityNormalized,0.11677839521051357,-0.45891021005278665,0.16827998927772259
ExtraTree_RFE,9,original_gldm_DependenceVariance,0.06226923399105985,-0.45891021005278665,0.16827998927772259
ExtraTree_RFE,9,original_gldm_SmallDependenceHighGrayLevelEmphasis,0.0,-0.45891021005278665,0.16827998927772259
ExtraTree_RFE,9,original_gldm_SmallDependenceLowGrayLevelEmphasis,0.0,-0.45891021005278665,0.16827998927772259
ExtraTree_RFE,9,original_ngtdm_Contrast,0.04159979883413382,-0.45891021005278665,0.16827998927772259
ExtraTree_RFE,10,original_shape2D_Elongation,0.0,-3.20570742366753,0.18402222204619242
ExtraTree_RFE,10,original_shape2D_MajorAxisLength,0.0,-3.20570742366753,0.18402222204619242
ExtraTree_RFE,10,original_shape2D_MeshSurface,0.05796910642252861,-3.20570742366753,0.18402222204619242
ExtraTree_RFE,10,original_shape2D_MinorAxisLength,0.06753826366866145,-3.20570742366753,0.18402222204619242
ExtraTree_RFE,10,original_shape2D_Perimeter,0.0,-3.20570742366753,0.18402222204619242
ExtraTree_RFE,10,original_shape2D_PerimeterSurfaceRatio,0.08220276498461576,-3.20570742366753,0.18402222204619242
ExtraTree_RFE,10,original_shape2D_Sphericity,0.1308504464520809,-3.20570742366753,0.18402222204619242
ExtraTree_RFE,10,original_firstorder_10Percentile,0.0,-3.20570742366753,0.18402222204619242
ExtraTree_RFE,10,original_firstorder_90Percentile,0.06824783247897773,-3.20570742366753,0.18402222204619242
ExtraTree_RFE,10,original_firstorder_Energy,0.0,-3.20570742366753,0.18402222204619242
ExtraTree_RFE,10,original_firstorder_InterquartileRange,0.0,-3.20570742366753,0.18402222204619242
ExtraTree_RFE,10,original_firstorder_Kurtosis,0.08721679936294363,-3.20570742366753,0.18402222204619242
ExtraTree_RFE,10,original_firstorder_Maximum,0.09751260629494596,-3.20570742366753,0.18402222204619242
ExtraTree_RFE,10,original_firstorder_MeanAbsoluteDeviation,0.07924489055162713,-3.20570742366753,0.18402222204619242
ExtraTree_RFE,10,original_firstorder_Minimum,0.0,-3.20570742366753,0.18402222204619242
ExtraTree_RFE,10,original_firstorder_RootMeanSquared,0.0,-3.20570742366753,0.18402222204619242
ExtraTree_RFE,10,original_firstorder_Skewness,0.0,-3.20570742366753,0.18402222204619242
ExtraTree_RFE,10,original_glrlm_LongRunEmphasis,0.12019895863634797,-3.20570742366753,0.18402222204619242
ExtraTree_RFE,10,original_glrlm_RunEntropy,0.0664619685693414,-3.20570742366753,0.18402222204619242
ExtraTree_RFE,10,original_glrlm_RunLengthNonUniformityNormalized,0.0,-3.20570742366753,0.18402222204619242
ExtraTree_RFE,10,original_gldm_DependenceNonUniformityNormalized,0.057725624896476736,-3.20570742366753,0.18402222204619242
ExtraTree_RFE,10,original_gldm_DependenceVariance,0.0,-3.20570742366753,0.18402222204619242
ExtraTree_RFE,10,original_gldm_SmallDependenceHighGrayLevelEmphasis,0.0,-3.20570742366753,0.18402222204619242
ExtraTree_RFE,10,original_gldm_SmallDependenceLowGrayLevelEmphasis,0.08483073768145255,-3.20570742366753,0.18402222204619242
ExtraTree_RFE,10,original_ngtdm_Contrast,0.0,-3.20570742366753,0.18402222204619242
ExtraTree_RFE,11,original_shape2D_Elongation,0.0,-0.7683795393896053,0.18024024605777605
ExtraTree_RFE,11,original_shape2D_MajorAxisLength,0.0,-0.7683795393896053,0.18024024605777605
ExtraTree_RFE,11,original_shape2D_MeshSurface,0.0,-0.7683795393896053,0.18024024605777605
ExtraTree_RFE,11,original_shape2D_MinorAxisLength,0.0,-0.7683795393896053,0.18024024605777605
ExtraTree_RFE,11,original_shape2D_Perimeter,0.053668317824734114,-0.7683795393896053,0.18024024605777605
ExtraTree_RFE,11,original_shape2D_PerimeterSurfaceRatio,0.08794029510965215,-0.7683795393896053,0.18024024605777605
ExtraTree_RFE,11,original_shape2D_Sphericity,0.10886191313717705,-0.7683795393896053,0.18024024605777605
ExtraTree_RFE,11,original_firstorder_10Percentile,0.10443611065426835,-0.7683795393896053,0.18024024605777605
ExtraTree_RFE,11,original_firstorder_90Percentile,0.0,-0.7683795393896053,0.18024024605777605
ExtraTree_RFE,11,original_firstorder_Energy,0.04773428522530312,-0.7683795393896053,0.18024024605777605
ExtraTree_RFE,11,original_firstorder_InterquartileRange,0.0,-0.7683795393896053,0.18024024605777605
ExtraTree_RFE,11,original_firstorder_Kurtosis,0.11560951700042332,-0.7683795393896053,0.18024024605777605
ExtraTree_RFE,11,original_firstorder_Maximum,0.09267806011632848,-0.7683795393896053,0.18024024605777605
ExtraTree_RFE,11,original_firstorder_MeanAbsoluteDeviation,0.10079543540223596,-0.7683795393896053,0.18024024605777605
ExtraTree_RFE,11,original_firstorder_Minimum,0.0,-0.7683795393896053,0.18024024605777605
ExtraTree_RFE,11,original_firstorder_RootMeanSquared,0.05206733885160902,-0.7683795393896053,0.18024024605777605
ExtraTree_RFE,11,original_firstorder_Skewness,0.0,-0.7683795393896053,0.18024024605777605
ExtraTree_RFE,11,original_glrlm_LongRunEmphasis,0.11696920947103394,-0.7683795393896053,0.18024024605777605
ExtraTree_RFE,11,original_glrlm_RunEntropy,0.0,-0.7683795393896053,0.18024024605777605
ExtraTree_RFE,11,original_glrlm_RunLengthNonUniformityNormalized,0.0,-0.7683795393896053,0.18024024605777605
ExtraTree_RFE,11,original_gldm_DependenceNonUniformityNormalized,0.04408019311885833,-0.7683795393896053,0.18024024605777605
ExtraTree_RFE,11,original_gldm_DependenceVariance,0.0,-0.7683795393896053,0.18024024605777605
ExtraTree_RFE,11,original_gldm_SmallDependenceHighGrayLevelEmphasis,0.0,-0.7683795393896053,0.18024024605777605
ExtraTree_RFE,11,original_gldm_SmallDependenceLowGrayLevelEmphasis,0.07515932408837615,-0.7683795393896053,0.18024024605777605
ExtraTree_RFE,11,original_ngtdm_Contrast,0.0,-0.7683795393896053,0.18024024605777605
ExtraTree_RFE,12,original_shape2D_Elongation,0.0572504887621886,0.013228888865165156,0.18005188124872212
ExtraTree_RFE,12,original_shape2D_MajorAxisLength,0.0,0.013228888865165156,0.18005188124872212
ExtraTree_RFE,12,original_shape2D_MeshSurface,0.0,0.013228888865165156,0.18005188124872212
ExtraTree_RFE,12,original_shape2D_MinorAxisLength,0.0,0.013228888865165156,0.18005188124872212
ExtraTree_RFE,12,original_shape2D_Perimeter,0.0,0.013228888865165156,0.18005188124872212
ExtraTree_RFE,12,original_shape2D_PerimeterSurfaceRatio,0.11280904192625396,0.013228888865165156,0.18005188124872212
ExtraTree_RFE,12,original_shape2D_Sphericity,0.10964243401795222,0.013228888865165156,0.18005188124872212
ExtraTree_RFE,12,original_firstorder_10Percentile,0.08237826764216652,0.013228888865165156,0.18005188124872212
ExtraTree_RFE,12,original_firstorder_90Percentile,0.0,0.013228888865165156,0.18005188124872212
ExtraTree_RFE,12,original_firstorder_Energy,0.043274724219307004,0.013228888865165156,0.18005188124872212
ExtraTree_RFE,12,original_firstorder_InterquartileRange,0.060301843621997746,0.013228888865165156,0.18005188124872212
ExtraTree_RFE,12,original_firstorder_Kurtosis,0.0867210058377657,0.013228888865165156,0.18005188124872212
ExtraTree_RFE,12,original_firstorder_Maximum,0.07015783233164968,0.013228888865165156,0.18005188124872212
ExtraTree_RFE,12,original_firstorder_MeanAbsoluteDeviation,0.0,0.013228888865165156,0.18005188124872212
ExtraTree_RFE,12,original_firstorder_Minimum,0.0,0.013228888865165156,0.18005188124872212
ExtraTree_RFE,12,original_firstorder_RootMeanSquared,0.0,0.013228888865165156,0.18005188124872212
ExtraTree_RFE,12,original_firstorder_Skewness,0.0,0.013228888865165156,0.18005188124872212
ExtraTree_RFE,12,original_glrlm_LongRunEmphasis,0.0,0.013228888865165156,0.18005188124872212
ExtraTree_RFE,12,original_glrlm_RunEntropy,0.06974935946326388,0.013228888865165156,0.18005188124872212
ExtraTree_RFE,12,original_glrlm_RunLengthNonUniformityNormalized,0.0,0.013228888865165156,0.18005188124872212
ExtraTree_RFE,12,original_gldm_DependenceNonUniformityNormalized,0.11958184353890947,0.013228888865165156,0.18005188124872212
ExtraTree_RFE,12,original_gldm_DependenceVariance,0.0,0.013228888865165156,0.18005188124872212
ExtraTree_RFE,12,original_gldm_SmallDependenceHighGrayLevelEmphasis,0.0,0.013228888865165156,0.18005188124872212
ExtraTree_RFE,12,original_gldm_SmallDependenceLowGrayLevelEmphasis,0.14403626651378143,0.013228888865165156,0.18005188124872212
ExtraTree_RFE,12,original_ngtdm_Contrast,0.044096892124763726,0.013228888865165156,0.18005188124872212
ExtraTree_RFE,13,original_shape2D_Elongation,0.06134881320623617,-0.1528315931609785,0.18346770214327737
ExtraTree_RFE,13,original_shape2D_MajorAxisLength,0.0,-0.1528315931609785,0.18346770214327737
ExtraTree_RFE,13,original_shape2D_MeshSurface,0.0,-0.1528315931609785,0.18346770214327737
ExtraTree_RFE,13,original_shape2D_MinorAxisLength,0.0,-0.1528315931609785,0.18346770214327737
ExtraTree_RFE,13,original_shape2D_Perimeter,0.05406348712925627,-0.1528315931609785,0.18346770214327737
ExtraTree_RFE,13,original_shape2D_PerimeterSurfaceRatio,0.13803961736269377,-0.1528315931609785,0.18346770214327737
ExtraTree_RFE,13,original_shape2D_Sphericity,0.10241815946225104,-0.1528315931609785,0.18346770214327737
ExtraTree_RFE,13,original_firstorder_10Percentile,0.048764031063799396,-0.1528315931609785,0.18346770214327737
ExtraTree_RFE,13,original_firstorder_90Percentile,0.0,-0.1528315931609785,0.18346770214327737
ExtraTree_RFE,13,original_firstorder_Energy,0.0,-0.1528315931609785,0.18346770214327737
ExtraTree_RFE,13,original_firstorder_InterquartileRange,0.0,-0.1528315931609785,0.18346770214327737
ExtraTree_RFE,13,original_firstorder_Kurtosis,0.0724913041152847,-0.1528315931609785,0.18346770214327737
ExtraTree_RFE,13,original_firstorder_Maximum,0.07734290517910099,-0.1528315931609785,0.18346770214327737
ExtraTree_RFE,13,original_firstorder_MeanAbsoluteDeviation,0.0870007759395492,-0.1528315931609785,0.18346770214327737
ExtraTree_RFE,13,original_firstorder_Minimum,0.0,-0.1528315931609785,0.18346770214327737
ExtraTree_RFE,13,original_firstorder_RootMeanSquared,0.0,-0.1528315931609785,0.18346770214327737
ExtraTree_RFE,13,original_firstorder_Skewness,0.0,-0.1528315931609785,0.18346770214327737
ExtraTree_RFE,13,original_glrlm_LongRunEmphasis,0.08838618534557245,-0.1528315931609785,0.18346770214327737
ExtraTree_RFE,13,original_glrlm_RunEntropy,0.0,-0.1528315931609785,0.18346770214327737
ExtraTree_RFE,13,original_glrlm_RunLengthNonUniformityNormalized,0.0,-0.1528315931609785,0.18346770214327737
ExtraTree_RFE,13,original_gldm_DependenceNonUniformityNormalized,0.0,-0.1528315931609785,0.18346770214327737
ExtraTree_RFE,13,original_gldm_DependenceVariance,0.04547002226230969,-0.1528315931609785,0.18346770214327737
ExtraTree_RFE,13,original_gldm_SmallDependenceHighGrayLevelEmphasis,0.0,-0.1528315931609785,0.18346770214327737
ExtraTree_RFE,13,original_gldm_SmallDependenceLowGrayLevelEmphasis,0.1445174161906453,-0.1528315931609785,0.18346770214327737
ExtraTree_RFE,13,original_ngtdm_Contrast,0.08015728274330101,-0.1528315931609785,0.18346770214327737
ExtraTree_RFE,14,original_shape2D_Elongation,0.044807119790844896,-0.02125906249483167,0.18348495484616306
ExtraTree_RFE,14,original_shape2D_MajorAxisLength,0.0,-0.02125906249483167,0.18348495484616306
ExtraTree_RFE,14,original_shape2D_MeshSurface,0.0,-0.02125906249483167,0.18348495484616306
ExtraTree_RFE,14,original_shape2D_MinorAxisLength,0.0,-0.02125906249483167,0.18348495484616306
ExtraTree_RFE,14,original_shape2D_Perimeter,0.0,-0.02125906249483167,0.18348495484616306
ExtraTree_RFE,14,original_shape2D_PerimeterSurfaceRatio,0.12627361221949765,-0.02125906249483167,0.18348495484616306
ExtraTree_RFE,14,original_shape2D_Sphericity,0.12263993020140047,-0.02125906249483167,0.18348495484616306
ExtraTree_RFE,14,original_firstorder_10Percentile,0.08416048716792321,-0.02125906249483167,0.18348495484616306
ExtraTree_RFE,14,original_firstorder_90Percentile,0.058253255031342425,-0.02125906249483167,0.18348495484616306
ExtraTree_RFE,14,original_firstorder_Energy,0.0,-0.02125906249483167,0.18348495484616306
ExtraTree_RFE,14,original_firstorder_InterquartileRange,0.0,-0.02125906249483167,0.18348495484616306
ExtraTree_RFE,14,original_firstorder_Kurtosis,0.0,-0.02125906249483167,0.18348495484616306
ExtraTree_RFE,14,original_firstorder_Maximum,0.07825778783390351,-0.02125906249483167,0.18348495484616306
ExtraTree_RFE,14,original_firstorder_MeanAbsoluteDeviation,0.06452304159942639,-0.02125906249483167,0.18348495484616306
ExtraTree_RFE,14,original_firstorder_Minimum,0.08473979928289618,-0.02125906249483167,0.18348495484616306
ExtraTree_RFE,14,original_firstorder_RootMeanSquared,0.0,-0.02125906249483167,0.18348495484616306
ExtraTree_RFE,14,original_firstorder_Skewness,0.0,-0.02125906249483167,0.18348495484616306
ExtraTree_RFE,14,original_glrlm_LongRunEmphasis,0.11931991528634782,-0.02125906249483167,0.18348495484616306
ExtraTree_RFE,14,original_glrlm_RunEntropy,0.0,-0.02125906249483167,0.18348495484616306
ExtraTree_RFE,14,original_glrlm_RunLengthNonUniformityNormalized,0.0,-0.02125906249483167,0.18348495484616306
ExtraTree_RFE,14,original_gldm_DependenceNonUniformityNormalized,0.08353675566741672,-0.02125906249483167,0.18348495484616306
ExtraTree_RFE,14,original_gldm_DependenceVariance,0.0,-0.02125906249483167,0.18348495484616306
ExtraTree_RFE,14,original_gldm_SmallDependenceHighGrayLevelEmphasis,0.0,-0.02125906249483167,0.18348495484616306
ExtraTree_RFE,14,original_gldm_SmallDependenceLowGrayLevelEmphasis,0.07039212914092806,-0.02125906249483167,0.18348495484616306
ExtraTree_RFE,14,original_ngtdm_Contrast,0.06309616677807255,-0.02125906249483167,0.18348495484616306
ExtraTree_RFE,15,original_shape2D_Elongation,0.0,-0.8346190538263836,0.2093860952810417
ExtraTree_RFE,15,original_shape2D_MajorAxisLength,0.04052639851014713,-0.8346190538263836,0.2093860952810417
ExtraTree_RFE,15,original_shape2D_MeshSurface,0.0,-0.8346190538263836,0.2093860952810417
ExtraTree_RFE,15,original_shape2D_MinorAxisLength,0.10512990104923592,-0.8346190538263836,0.2093860952810417
ExtraTree_RFE,15,original_shape2D_Perimeter,0.0,-0.8346190538263836,0.2093860952810417
ExtraTree_RFE,15,original_shape2D_PerimeterSurfaceRatio,0.1498850079947989,-0.8346190538263836,0.2093860952810417
ExtraTree_RFE,15,original_shape2D_Sphericity,0.119697877206571,-0.8346190538263836,0.2093860952810417
ExtraTree_RFE,15,original_firstorder_10Percentile,0.08347191791305016,-0.8346190538263836,0.2093860952810417
ExtraTree_RFE,15,original_firstorder_90Percentile,0.0,-0.8346190538263836,0.2093860952810417
ExtraTree_RFE,15,original_firstorder_Energy,0.04410801100884613,-0.8346190538263836,0.2093860952810417
ExtraTree_RFE,15,original_firstorder_InterquartileRange,0.05872484180494729,-0.8346190538263836,0.2093860952810417
ExtraTree_RFE,15,original_firstorder_Kurtosis,0.05212979262640233,-0.8346190538263836,0.2093860952810417
ExtraTree_RFE,15,original_firstorder_Maximum,0.059070818608007225,-0.8346190538263836,0.2093860952810417
ExtraTree_RFE,15,original_firstorder_MeanAbsoluteDeviation,0.0,-0.8346190538263836,0.2093860952810417
ExtraTree_RFE,15,original_firstorder_Minimum,0.0,-0.8346190538263836,0.2093860952810417
ExtraTree_RFE,15,original_firstorder_RootMeanSquared,0.06344998610191022,-0.8346190538263836,0.2093860952810417
ExtraTree_RFE,15,original_firstorder_Skewness,0.0,-0.8346190538263836,0.2093860952810417
ExtraTree_RFE,15,original_glrlm_LongRunEmphasis,0.0,-0.8346190538263836,0.2093860952810417
ExtraTree_RFE,15,original_glrlm_RunEntropy,0.0,-0.8346190538263836,0.2093860952810417
ExtraTree_RFE,15,original_glrlm_RunLengthNonUniformityNormalized,0.0,-0.8346190538263836,0.2093860952810417
ExtraTree_RFE,15,original_gldm_DependenceNonUniformityNormalized,0.0,-0.8346190538263836,0.2093860952810417
ExtraTree_RFE,15,original_gldm_DependenceVariance,0.0,-0.8346190538263836,0.2093860952810417
ExtraTree_RFE,15,original_gldm_SmallDependenceHighGrayLevelEmphasis,0.0,-0.8346190538263836,0.2093860952810417
ExtraTree_RFE,15,original_gldm_SmallDependenceLowGrayLevelEmphasis,0.1499498558587686,-0.8346190538263836,0.2093860952810417
ExtraTree_RFE,15,original_ngtdm_Contrast,0.07385559131731495,-0.8346190538263836,0.2093860952810417
ExtraTree_RFE,16,original_shape2D_Elongation,0.0,-0.3739499784004079,0.21194070596316877
ExtraTree_RFE,16,original_shape2D_MajorAxisLength,0.0,-0.3739499784004079,0.21194070596316877
ExtraTree_RFE,16,original_shape2D_MeshSurface,0.0,-0.3739499784004079,0.21194070596316877
ExtraTree_RFE,16,original_shape2D_MinorAxisLength,0.08795617024388099,-0.3739499784004079,0.21194070596316877
ExtraTree_RFE,16,original_shape2D_Perimeter,0.0,-0.3739499784004079,0.21194070596316877
ExtraTree_RFE,16,original_shape2D_PerimeterSurfaceRatio,0.09230844732811691,-0.3739499784004079,0.21194070596316877
ExtraTree_RFE,16,original_shape2D_Sphericity,0.09754533267818463,-0.3739499784004079,0.21194070596316877
ExtraTree_RFE,16,original_firstorder_10Percentile,0.07876348239407131,-0.3739499784004079,0.21194070596316877
ExtraTree_RFE,16,original_firstorder_90Percentile,0.0,-0.3739499784004079,0.21194070596316877
ExtraTree_RFE,16,original_firstorder_Energy,0.0,-0.3739499784004079,0.21194070596316877
ExtraTree_RFE,16,original_firstorder_InterquartileRange,0.0,-0.3739499784004079,0.21194070596316877
ExtraTree_RFE,16,original_firstorder_Kurtosis,0.06448022075982603,-0.3739499784004079,0.21194070596316877
ExtraTree_RFE,16,original_firstorder_Maximum,0.06580908820817251,-0.3739499784004079,0.21194070596316877
ExtraTree_RFE,16,original_firstorder_MeanAbsoluteDeviation,0.0,-0.3739499784004079,0.21194070596316877
ExtraTree_RFE,16,original_firstorder_Minimum,0.07638090696921096,-0.3739499784004079,0.21194070596316877
ExtraTree_RFE,16,original_firstorder_RootMeanSquared,0.06827647879647206,-0.3739499784004079,0.21194070596316877
ExtraTree_RFE,16,original_firstorder_Skewness,0.0,-0.3739499784004079,0.21194070596316877
ExtraTree_RFE,16,original_glrlm_LongRunEmphasis,0.0,-0.3739499784004079,0.21194070596316877
ExtraTree_RFE,16,original_glrlm_RunEntropy,0.07833823039468207,-0.3739499784004079,0.21194070596316877
ExtraTree_RFE,16,original_glrlm_RunLengthNonUniformityNormalized,0.0,-0.3739499784004079,0.21194070596316877
ExtraTree_RFE,16,original_gldm_DependenceNonUniformityNormalized,0.11548873829225717,-0.3739499784004079,0.21194070596316877
ExtraTree_RFE,16,original_gldm_DependenceVariance,0.11713689425816355,-0.3739499784004079,0.21194070596316877
ExtraTree_RFE,16,original_gldm_SmallDependenceHighGrayLevelEmphasis,0.0,-0.3739499784004079,0.21194070596316877
ExtraTree_RFE,16,original_gldm_SmallDependenceLowGrayLevelEmphasis,0.05751600967696186,-0.3739499784004079,0.21194070596316877
ExtraTree_RFE,16,original_ngtdm_Contrast,0.0,-0.3739499784004079,0.21194070596316877
ExtraTree_RFE,17,original_shape2D_Elongation,0.0,-1.4479886212449262,0.17265534877186964
ExtraTree_RFE,17,original_shape2D_MajorAxisLength,0.0,-1.4479886212449262,0.17265534877186964
ExtraTree_RFE,17,original_shape2D_MeshSurface,0.07152053060765926,-1.4479886212449262,0.17265534877186964
ExtraTree_RFE,17,original_shape2D_MinorAxisLength,0.0,-1.4479886212449262,0.17265534877186964
ExtraTree_RFE,17,original_shape2D_Perimeter,0.0,-1.4479886212449262,0.17265534877186964
ExtraTree_RFE,17,original_shape2D_PerimeterSurfaceRatio,0.14496912787529204,-1.4479886212449262,0.17265534877186964
ExtraTree_RFE,17,original_shape2D_Sphericity,0.10936218151291571,-1.4479886212449262,0.17265534877186964
ExtraTree_RFE,17,original_firstorder_10Percentile,0.07046336519654837,-1.4479886212449262,0.17265534877186964
ExtraTree_RFE,17,original_firstorder_90Percentile,0.06197005723147368,-1.4479886212449262,0.17265534877186964
ExtraTree_RFE,17,original_firstorder_Energy,0.0,-1.4479886212449262,0.17265534877186964
ExtraTree_RFE,17,original_firstorder_InterquartileRange,0.0,-1.4479886212449262,0.17265534877186964
ExtraTree_RFE,17,original_firstorder_Kurtosis,0.09614210426474007,-1.4479886212449262,0.17265534877186964
ExtraTree_RFE,17,original_firstorder_Maximum,0.0,-1.4479886212449262,0.17265534877186964
ExtraTree_RFE,17,original_firstorder_MeanAbsoluteDeviation,0.0815065295592864,-1.4479886212449262,0.17265534877186964
ExtraTree_RFE,17,original_firstorder_Minimum,0.0,-1.4479886212449262,0.17265534877186964
ExtraTree_RFE,17,original_firstorder_RootMeanSquared,0.0,-1.4479886212449262,0.17265534877186964
ExtraTree_RFE,17,original_firstorder_Skewness,0.0,-1.4479886212449262,0.17265534877186964
ExtraTree_RFE,17,original_glrlm_LongRunEmphasis,0.08184478012578611,-1.4479886212449262,0.17265534877186964
ExtraTree_RFE,17,original_glrlm_RunEntropy,0.0,-1.4479886212449262,0.17265534877186964
ExtraTree_RFE,17,original_glrlm_RunLengthNonUniformityNormalized,0.04582514902726499,-1.4479886212449262,0.17265534877186964
ExtraTree_RFE,17,original_gldm_DependenceNonUniformityNormalized,0.0,-1.4479886212449262,0.17265534877186964
ExtraTree_RFE,17,original_gldm_DependenceVariance,0.0,-1.4479886212449262,0.17265534877186964
ExtraTree_RFE,17,original_gldm_SmallDependenceHighGrayLevelEmphasis,0.047315660486115296,-1.4479886212449262,0.17265534877186964
ExtraTree_RFE,17,original_gldm_SmallDependenceLowGrayLevelEmphasis,0.10934985068851616,-1.4479886212449262,0.17265534877186964
ExtraTree_RFE,17,original_ngtdm_Contrast,0.07973066342440174,-1.4479886212449262,0.17265534877186964
ExtraTree_RFE,18,original_shape2D_Elongation,0.0,0.05028025497081923,0.16727402021200302
ExtraTree_RFE,18,original_shape2D_MajorAxisLength,0.0,0.05028025497081923,0.16727402021200302
ExtraTree_RFE,18,original_shape2D_MeshSurface,0.0,0.05028025497081923,0.16727402021200302
ExtraTree_RFE,18,original_shape2D_MinorAxisLength,0.0,0.05028025497081923,0.16727402021200302
ExtraTree_RFE,18,original_shape2D_Perimeter,0.0,0.05028025497081923,0.16727402021200302
ExtraTree_RFE,18,original_shape2D_PerimeterSurfaceRatio,0.19634771844928153,0.05028025497081923,0.16727402021200302
ExtraTree_RFE,18,original_shape2D_Sphericity,0.09194604066958749,0.05028025497081923,0.16727402021200302
ExtraTree_RFE,18,original_firstorder_10Percentile,0.0861686185345115,0.05028025497081923,0.16727402021200302
ExtraTree_RFE,18,original_firstorder_90Percentile,0.07882478759181215,0.05028025497081923,0.16727402021200302
ExtraTree_RFE,18,original_firstorder_Energy,0.05255315419105471,0.05028025497081923,0.16727402021200302
ExtraTree_RFE,18,original_firstorder_InterquartileRange,0.0,0.05028025497081923,0.16727402021200302
ExtraTree_RFE,18,original_firstorder_Kurtosis,0.05183172152547795,0.05028025497081923,0.16727402021200302
ExtraTree_RFE,18,original_firstorder_Maximum,0.0812542621865829,0.05028025497081923,0.16727402021200302
ExtraTree_RFE,18,original_firstorder_MeanAbsoluteDeviation,0.0,0.05028025497081923,0.16727402021200302
ExtraTree_RFE,18,original_firstorder_Minimum,0.06136507456889351,0.05028025497081923,0.16727402021200302
ExtraTree_RFE,18,original_firstorder_RootMeanSquared,0.06818791248426465,0.05028025497081923,0.16727402021200302
ExtraTree_RFE,18,original_firstorder_Skewness,0.0,0.05028025497081923,0.16727402021200302
ExtraTree_RFE,18,original_glrlm_LongRunEmphasis,0.07466932774919927,0.05028025497081923,0.16727402021200302
ExtraTree_RFE,18,original_glrlm_RunEntropy,0.0,0.05028025497081923,0.16727402021200302
ExtraTree_RFE,18,original_glrlm_RunLengthNonUniformityNormalized,0.0,0.05028025497081923,0.16727402021200302
ExtraTree_RFE,18,original_gldm_DependenceNonUniformityNormalized,0.07956182920500512,0.05028025497081923,0.16727402021200302
ExtraTree_RFE,18,original_gldm_DependenceVariance,0.0,0.05028025497081923,0.16727402021200302
ExtraTree_RFE,18,original_gldm_SmallDependenceHighGrayLevelEmphasis,0.0,0.05028025497081923,0.16727402021200302
ExtraTree_RFE,18,original_gldm_SmallDependenceLowGrayLevelEmphasis,0.0,0.05028025497081923,0.16727402021200302
ExtraTree_RFE,18,original_ngtdm_Contrast,0.07728955284432905,0.05028025497081923,0.16727402021200302
ExtraTree_RFE,19,original_shape2D_Elongation,0.0,-1.2163019131791746,0.1489659015242428
ExtraTree_RFE,19,original_shape2D_MajorAxisLength,0.0,-1.2163019131791746,0.1489659015242428
ExtraTree_RFE,19,original_shape2D_MeshSurface,0.0551758113302382,-1.2163019131791746,0.1489659015242428
ExtraTree_RFE,19,original_shape2D_MinorAxisLength,0.08849812368831347,-1.2163019131791746,0.1489659015242428
ExtraTree_RFE,19,original_shape2D_Perimeter,0.0,-1.2163019131791746,0.1489659015242428
ExtraTree_RFE,19,original_shape2D_PerimeterSurfaceRatio,0.1356218922550343,-1.2163019131791746,0.1489659015242428
ExtraTree_RFE,19,original_shape2D_Sphericity,0.14152906209920868,-1.2163019131791746,0.1489659015242428
ExtraTree_RFE,19,original_firstorder_10Percentile,0.07084844025532086,-1.2163019131791746,0.1489659015242428
ExtraTree_RFE,19,original_firstorder_90Percentile,0.07796498043857032,-1.2163019131791746,0.1489659015242428
ExtraTree_RFE,19,original_firstorder_Energy,0.06149926701674401,-1.2163019131791746,0.1489659015242428
ExtraTree_RFE,19,original_firstorder_InterquartileRange,0.0720594232706987,-1.2163019131791746,0.1489659015242428
ExtraTree_RFE,19,original_firstorder_Kurtosis,0.06777851469393097,-1.2163019131791746,0.1489659015242428
ExtraTree_RFE,19,original_firstorder_Maximum,0.05702926037729144,-1.2163019131791746,0.1489659015242428
ExtraTree_RFE,19,original_firstorder_MeanAbsoluteDeviation,0.0,-1.2163019131791746,0.1489659015242428
ExtraTree_RFE,19,original_firstorder_Minimum,0.0,-1.2163019131791746,0.1489659015242428
ExtraTree_RFE,19,original_firstorder_RootMeanSquared,0.0,-1.2163019131791746,0.1489659015242428
ExtraTree_RFE,19,original_firstorder_Skewness,0.0,-1.2163019131791746,0.1489659015242428
ExtraTree_RFE,19,original_glrlm_LongRunEmphasis,0.0,-1.2163019131791746,0.1489659015242428
ExtraTree_RFE,19,original_glrlm_RunEntropy,0.0,-1.2163019131791746,0.1489659015242428
ExtraTree_RFE,19,original_glrlm_RunLengthNonUniformityNormalized,0.0,-1.2163019131791746,0.1489659015242428
ExtraTree_RFE,19,original_gldm_DependenceNonUniformityNormalized,0.0,-1.2163019131791746,0.1489659015242428
ExtraTree_RFE,19,original_gldm_DependenceVariance,0.09615876268140462,-1.2163019131791746,0.1489659015242428
ExtraTree_RFE,19,original_gldm_SmallDependenceHighGrayLevelEmphasis,0.0,-1.2163019131791746,0.1489659015242428
ExtraTree_RFE,19,original_gldm_SmallDependenceLowGrayLevelEmphasis,0.0758364618932445,-1.2163019131791746,0.1489659015242428
ExtraTree_RFE,19,original_ngtdm_Contrast,0.0,-1.2163019131791746,0.1489659015242428
ExtraTree_RFE,20,original_shape2D_Elongation,0.0,-0.4498855911504469,0.16910533308515957
ExtraTree_RFE,20,original_shape2D_MajorAxisLength,0.0,-0.4498855911504469,0.16910533308515957
ExtraTree_RFE,20,original_shape2D_MeshSurface,0.0,-0.4498855911504469,0.16910533308515957
ExtraTree_RFE,20,original_shape2D_MinorAxisLength,0.0,-0.4498855911504469,0.16910533308515957
ExtraTree_RFE,20,original_shape2D_Perimeter,0.0,-0.4498855911504469,0.16910533308515957
ExtraTree_RFE,20,original_shape2D_PerimeterSurfaceRatio,0.14808863185490556,-0.4498855911504469,0.16910533308515957
ExtraTree_RFE,20,original_shape2D_Sphericity,0.11387417391535748,-0.4498855911504469,0.16910533308515957
ExtraTree_RFE,20,original_firstorder_10Percentile,0.0,-0.4498855911504469,0.16910533308515957
ExtraTree_RFE,20,original_firstorder_90Percentile,0.06248998463287048,-0.4498855911504469,0.16910533308515957
ExtraTree_RFE,20,original_firstorder_Energy,0.0453393958050462,-0.4498855911504469,0.16910533308515957
ExtraTree_RFE,20,original_firstorder_InterquartileRange,0.0,-0.4498855911504469,0.16910533308515957
ExtraTree_RFE,20,original_firstorder_Kurtosis,0.0833281819997214,-0.4498855911504469,0.16910533308515957
ExtraTree_RFE,20,original_firstorder_Maximum,0.0661610314479695,-0.4498855911504469,0.16910533308515957
ExtraTree_RFE,20,original_firstorder_MeanAbsoluteDeviation,0.07928020102221288,-0.4498855911504469,0.16910533308515957
ExtraTree_RFE,20,original_firstorder_Minimum,0.04457472025571054,-0.4498855911504469,0.16910533308515957
ExtraTree_RFE,20,original_firstorder_RootMeanSquared,0.0,-0.4498855911504469,0.16910533308515957
ExtraTree_RFE,20,original_firstorder_Skewness,0.0,-0.4498855911504469,0.16910533308515957
ExtraTree_RFE,20,original_glrlm_LongRunEmphasis,0.0,-0.4498855911504469,0.16910533308515957
ExtraTree_RFE,20,original_glrlm_RunEntropy,0.0,-0.4498855911504469,0.16910533308515957
ExtraTree_RFE,20,original_glrlm_RunLengthNonUniformityNormalized,0.0,-0.4498855911504469,0.16910533308515957
ExtraTree_RFE,20,original_gldm_DependenceNonUniformityNormalized,0.1240196334196239,-0.4498855911504469,0.16910533308515957
ExtraTree_RFE,20,original_gldm_DependenceVariance,0.0,-0.4498855911504469,0.16910533308515957
ExtraTree_RFE,20,original_gldm_SmallDependenceHighGrayLevelEmphasis,0.06239782706420008,-0.4498855911504469,0.16910533308515957
ExtraTree_RFE,20,original_gldm_SmallDependenceLowGrayLevelEmphasis,0.09907490060126423,-0.4498855911504469,0.16910533308515957
ExtraTree_RFE,20,original_ngtdm_Contrast,0.07137131798111765,-0.4498855911504469,0.16910533308515957
ExtraTree_RFE,21,original_shape2D_Elongation,0.0,-1.0806428166836075,0.1693818215400155
ExtraTree_RFE,21,original_shape2D_MajorAxisLength,0.0,-1.0806428166836075,0.1693818215400155
ExtraTree_RFE,21,original_shape2D_MeshSurface,0.0,-1.0806428166836075,0.1693818215400155
ExtraTree_RFE,21,original_shape2D_MinorAxisLength,0.0,-1.0806428166836075,0.1693818215400155
ExtraTree_RFE,21,original_shape2D_Perimeter,0.0,-1.0806428166836075,0.1693818215400155
ExtraTree_RFE,21,original_shape2D_PerimeterSurfaceRatio,0.1652337859143788,-1.0806428166836075,0.1693818215400155
ExtraTree_RFE,21,original_shape2D_Sphericity,0.10706619453393557,-1.0806428166836075,0.1693818215400155
ExtraTree_RFE,21,original_firstorder_10Percentile,0.0,-1.0806428166836075,0.1693818215400155
ExtraTree_RFE,21,original_firstorder_90Percentile,0.0686333794271154,-1.0806428166836075,0.1693818215400155
ExtraTree_RFE,21,original_firstorder_Energy,0.0,-1.0806428166836075,0.1693818215400155
ExtraTree_RFE,21,original_firstorder_InterquartileRange,0.0,-1.0806428166836075,0.1693818215400155
ExtraTree_RFE,21,original_firstorder_Kurtosis,0.07896063027095954,-1.0806428166836075,0.1693818215400155
ExtraTree_RFE,21,original_firstorder_Maximum,0.06863398967499942,-1.0806428166836075,0.1693818215400155
ExtraTree_RFE,21,original_firstorder_MeanAbsoluteDeviation,0.0,-1.0806428166836075,0.1693818215400155
ExtraTree_RFE,21,original_firstorder_Minimum,0.07409405037507269,-1.0806428166836075,0.1693818215400155
ExtraTree_RFE,21,original_firstorder_RootMeanSquared,0.07541627775722881,-1.0806428166836075,0.1693818215400155
ExtraTree_RFE,21,original_firstorder_Skewness,0.0,-1.0806428166836075,0.1693818215400155
ExtraTree_RFE,21,original_glrlm_LongRunEmphasis,0.06497229814256987,-1.0806428166836075,0.1693818215400155
ExtraTree_RFE,21,original_glrlm_RunEntropy,0.0522317154792932,-1.0806428166836075,0.1693818215400155
ExtraTree_RFE,21,original_glrlm_RunLengthNonUniformityNormalized,0.0,-1.0806428166836075,0.1693818215400155
ExtraTree_RFE,21,original_gldm_DependenceNonUniformityNormalized,0.0,-1.0806428166836075,0.1693818215400155
ExtraTree_RFE,21,original_gldm_DependenceVariance,0.040202715260301135,-1.0806428166836075,0.1693818215400155
ExtraTree_RFE,21,original_gldm_SmallDependenceHighGrayLevelEmphasis,0.0,-1.0806428166836075,0.1693818215400155
ExtraTree_RFE,21,original_gldm_SmallDependenceLowGrayLevelEmphasis,0.14024555262576757,-1.0806428166836075,0.1693818215400155
ExtraTree_RFE,21,original_ngtdm_Contrast,0.06430941053837816,-1.0806428166836075,0.1693818215400155
ExtraTree_RFE,22,original_shape2D_Elongation,0.05342204880173179,-1.4114638526053427,0.12630902029277985
ExtraTree_RFE,22,original_shape2D_MajorAxisLength,0.0,-1.4114638526053427,0.12630902029277985
ExtraTree_RFE,22,original_shape2D_MeshSurface,0.06618113991152633,-1.4114638526053427,0.12630902029277985
ExtraTree_RFE,22,original_shape2D_MinorAxisLength,0.0,-1.4114638526053427,0.12630902029277985
ExtraTree_RFE,22,original_shape2D_Perimeter,0.0,-1.4114638526053427,0.12630902029277985
ExtraTree_RFE,22,original_shape2D_PerimeterSurfaceRatio,0.1551823725622566,-1.4114638526053427,0.12630902029277985
ExtraTree_RFE,22,original_shape2D_Sphericity,0.1163068499769324,-1.4114638526053427,0.12630902029277985
ExtraTree_RFE,22,original_firstorder_10Percentile,0.07643231448198791,-1.4114638526053427,0.12630902029277985
ExtraTree_RFE,22,original_firstorder_90Percentile,0.0,-1.4114638526053427,0.12630902029277985
ExtraTree_RFE,22,original_firstorder_Energy,0.06240195428228868,-1.4114638526053427,0.12630902029277985
ExtraTree_RFE,22,original_firstorder_InterquartileRange,0.0,-1.4114638526053427,0.12630902029277985
ExtraTree_RFE,22,original_firstorder_Kurtosis,0.0,-1.4114638526053427,0.12630902029277985
ExtraTree_RFE,22,original_firstorder_Maximum,0.11786339369694496,-1.4114638526053427,0.12630902029277985
ExtraTree_RFE,22,original_firstorder_MeanAbsoluteDeviation,0.0,-1.4114638526053427,0.12630902029277985
ExtraTree_RFE,22,original_firstorder_Minimum,0.0,-1.4114638526053427,0.12630902029277985
ExtraTree_RFE,22,original_firstorder_RootMeanSquared,0.06693055157236708,-1.4114638526053427,0.12630902029277985
ExtraTree_RFE,22,original_firstorder_Skewness,0.06229352465037053,-1.4114638526053427,0.12630902029277985
ExtraTree_RFE,22,original_glrlm_LongRunEmphasis,0.05772273949889821,-1.4114638526053427,0.12630902029277985
ExtraTree_RFE,22,original_glrlm_RunEntropy,0.0,-1.4114638526053427,0.12630902029277985
ExtraTree_RFE,22,original_glrlm_RunLengthNonUniformityNormalized,0.0,-1.4114638526053427,0.12630902029277985
ExtraTree_RFE,22,original_gldm_DependenceNonUniformityNormalized,0.0,-1.4114638526053427,0.12630902029277985
ExtraTree_RFE,22,original_gldm_DependenceVariance,0.0,-1.4114638526053427,0.12630902029277985
ExtraTree_RFE,22,original_gldm_SmallDependenceHighGrayLevelEmphasis,0.0,-1.4114638526053427,0.12630902029277985
ExtraTree_RFE,22,original_gldm_SmallDependenceLowGrayLevelEmphasis,0.05088058819189171,-1.4114638526053427,0.12630902029277985
ExtraTree_RFE,22,original_ngtdm_Contrast,0.11438252237280389,-1.4114638526053427,0.12630902029277985
ExtraTree_RFE,23,original_shape2D_Elongation,0.0,-0.2725027754327596,0.15254959815486116
ExtraTree_RFE,23,original_shape2D_MajorAxisLength,0.0,-0.2725027754327596,0.15254959815486116
ExtraTree_RFE,23,original_shape2D_MeshSurface,0.0,-0.2725027754327596,0.15254959815486116
ExtraTree_RFE,23,original_shape2D_MinorAxisLength,0.07247095876161663,-0.2725027754327596,0.15254959815486116
ExtraTree_RFE,23,original_shape2D_Perimeter,0.0,-0.2725027754327596,0.15254959815486116
ExtraTree_RFE,23,original_shape2D_PerimeterSurfaceRatio,0.12804725204478662,-0.2725027754327596,0.15254959815486116
ExtraTree_RFE,23,original_shape2D_Sphericity,0.12806170554939278,-0.2725027754327596,0.15254959815486116
ExtraTree_RFE,23,original_firstorder_10Percentile,0.0,-0.2725027754327596,0.15254959815486116
ExtraTree_RFE,23,original_firstorder_90Percentile,0.08795588731346769,-0.2725027754327596,0.15254959815486116
ExtraTree_RFE,23,original_firstorder_Energy,0.0,-0.2725027754327596,0.15254959815486116
ExtraTree_RFE,23,original_firstorder_InterquartileRange,0.086862056245537,-0.2725027754327596,0.15254959815486116
ExtraTree_RFE,23,original_firstorder_Kurtosis,0.0578678811429838,-0.2725027754327596,0.15254959815486116
ExtraTree_RFE,23,original_firstorder_Maximum,0.05414049489301541,-0.2725027754327596,0.15254959815486116
ExtraTree_RFE,23,original_firstorder_MeanAbsoluteDeviation,0.0,-0.2725027754327596,0.15254959815486116
ExtraTree_RFE,23,original_firstorder_Minimum,0.0,-0.2725027754327596,0.15254959815486116
ExtraTree_RFE,23,original_firstorder_RootMeanSquared,0.0,-0.2725027754327596,0.15254959815486116
ExtraTree_RFE,23,original_firstorder_Skewness,0.0,-0.2725027754327596,0.15254959815486116
ExtraTree_RFE,23,original_glrlm_LongRunEmphasis,0.08181099295727505,-0.2725027754327596,0.15254959815486116
ExtraTree_RFE,23,original_glrlm_RunEntropy,0.03480583222137174,-0.2725027754327596,0.15254959815486116
ExtraTree_RFE,23,original_glrlm_RunLengthNonUniformityNormalized,0.0513943493090392,-0.2725027754327596,0.15254959815486116
ExtraTree_RFE,23,original_gldm_DependenceNonUniformityNormalized,0.13924813815026546,-0.2725027754327596,0.15254959815486116
ExtraTree_RFE,23,original_gldm_DependenceVariance,0.0,-0.2725027754327596,0.15254959815486116
ExtraTree_RFE,23,original_gldm_SmallDependenceHighGrayLevelEmphasis,0.0,-0.2725027754327596,0.15254959815486116
ExtraTree_RFE,23,original_gldm_SmallDependenceLowGrayLevelEmphasis,0.07733445141124852,-0.2725027754327596,0.15254959815486116
ExtraTree_RFE,23,original_ngtdm_Contrast,0.0,-0.2725027754327596,0.15254959815486116
ExtraTree_RFE,24,original_shape2D_Elongation,0.06236752553733027,-0.7604025541070694,0.1362287224754446
ExtraTree_RFE,24,original_shape2D_MajorAxisLength,0.0,-0.7604025541070694,0.1362287224754446
ExtraTree_RFE,24,original_shape2D_MeshSurface,0.056821006386872694,-0.7604025541070694,0.1362287224754446
ExtraTree_RFE,24,original_shape2D_MinorAxisLength,0.10179263853424875,-0.7604025541070694,0.1362287224754446
ExtraTree_RFE,24,original_shape2D_Perimeter,0.0,-0.7604025541070694,0.1362287224754446
ExtraTree_RFE,24,original_shape2D_PerimeterSurfaceRatio,0.14513630923841345,-0.7604025541070694,0.1362287224754446
ExtraTree_RFE,24,original_shape2D_Sphericity,0.10270813747037814,-0.7604025541070694,0.1362287224754446
ExtraTree_RFE,24,original_firstorder_10Percentile,0.0646970246132294,-0.7604025541070694,0.1362287224754446
ExtraTree_RFE,24,original_firstorder_90Percentile,0.0,-0.7604025541070694,0.1362287224754446
ExtraTree_RFE,24,original_firstorder_Energy,0.0,-0.7604025541070694,0.1362287224754446
ExtraTree_RFE,24,original_firstorder_InterquartileRange,0.05488831414919756,-0.7604025541070694,0.1362287224754446
ExtraTree_RFE,24,original_firstorder_Kurtosis,0.0,-0.7604025541070694,0.1362287224754446
ExtraTree_RFE,24,original_firstorder_Maximum,0.0,-0.7604025541070694,0.1362287224754446
ExtraTree_RFE,24,original_firstorder_MeanAbsoluteDeviation,0.07586444044992928,-0.7604025541070694,0.1362287224754446
ExtraTree_RFE,24,original_firstorder_Minimum,0.06027215192262756,-0.7604025541070694,0.1362287224754446
ExtraTree_RFE,24,original_firstorder_RootMeanSquared,0.0,-0.7604025541070694,0.1362287224754446
ExtraTree_RFE,24,original_firstorder_Skewness,0.0,-0.7604025541070694,0.1362287224754446
ExtraTree_RFE,24,original_glrlm_LongRunEmphasis,0.0,-0.7604025541070694,0.1362287224754446
ExtraTree_RFE,24,original_glrlm_RunEntropy,0.0,-0.7604025541070694,0.1362287224754446
ExtraTree_RFE,24,original_glrlm_RunLengthNonUniformityNormalized,0.0,-0.7604025541070694,0.1362287224754446
ExtraTree_RFE,24,original_gldm_DependenceNonUniformityNormalized,0.0614536330675833,-0.7604025541070694,0.1362287224754446
ExtraTree_RFE,24,original_gldm_DependenceVariance,0.0,-0.7604025541070694,0.1362287224754446
ExtraTree_RFE,24,original_gldm_SmallDependenceHighGrayLevelEmphasis,0.0,-0.7604025541070694,0.1362287224754446
ExtraTree_RFE,24,original_gldm_SmallDependenceLowGrayLevelEmphasis,0.14928275775313646,-0.7604025541070694,0.1362287224754446
ExtraTree_RFE,24,original_ngtdm_Contrast,0.06471606087705306,-0.7604025541070694,0.1362287224754446
ExtraTree_RFE,25,original_shape2D_Elongation,0.06068926527515743,-1.6722579990631679,0.18059709007176983
ExtraTree_RFE,25,original_shape2D_MajorAxisLength,0.0,-1.6722579990631679,0.18059709007176983
ExtraTree_RFE,25,original_shape2D_MeshSurface,0.051438485203811626,-1.6722579990631679,0.18059709007176983
ExtraTree_RFE,25,original_shape2D_MinorAxisLength,0.0,-1.6722579990631679,0.18059709007176983
ExtraTree_RFE,25,original_shape2D_Perimeter,0.048777505183041435,-1.6722579990631679,0.18059709007176983
ExtraTree_RFE,25,original_shape2D_PerimeterSurfaceRatio,0.17152195803350703,-1.6722579990631679,0.18059709007176983
ExtraTree_RFE,25,original_shape2D_Sphericity,0.10096065468589245,-1.6722579990631679,0.18059709007176983
ExtraTree_RFE,25,original_firstorder_10Percentile,0.0767087268342982,-1.6722579990631679,0.18059709007176983
ExtraTree_RFE,25,original_firstorder_90Percentile,0.0,-1.6722579990631679,0.18059709007176983
ExtraTree_RFE,25,original_firstorder_Energy,0.07350554192031512,-1.6722579990631679,0.18059709007176983
ExtraTree_RFE,25,original_firstorder_InterquartileRange,0.0,-1.6722579990631679,0.18059709007176983
ExtraTree_RFE,25,original_firstorder_Kurtosis,0.0580200981568453,-1.6722579990631679,0.18059709007176983
ExtraTree_RFE,25,original_firstorder_Maximum,0.09598795482816239,-1.6722579990631679,0.18059709007176983
ExtraTree_RFE,25,original_firstorder_MeanAbsoluteDeviation,0.0,-1.6722579990631679,0.18059709007176983
ExtraTree_RFE,25,original_firstorder_Minimum,0.0,-1.6722579990631679,0.18059709007176983
ExtraTree_RFE,25,original_firstorder_RootMeanSquared,0.0,-1.6722579990631679,0.18059709007176983
ExtraTree_RFE,25,original_firstorder_Skewness,0.0,-1.6722579990631679,0.18059709007176983
ExtraTree_RFE,25,original_glrlm_LongRunEmphasis,0.0,-1.6722579990631679,0.18059709007176983
ExtraTree_RFE,25,original_glrlm_RunEntropy,0.0,-1.6722579990631679,0.18059709007176983
ExtraTree_RFE,25,original_glrlm_RunLengthNonUniformityNormalized,0.0,-1.6722579990631679,0.18059709007176983
ExtraTree_RFE,25,original_gldm_DependenceNonUniformityNormalized,0.10202879708159646,-1.6722579990631679,0.18059709007176983
ExtraTree_RFE,25,original_gldm_DependenceVariance,0.06596336355587937,-1.6722579990631679,0.18059709007176983
ExtraTree_RFE,25,original_gldm_SmallDependenceHighGrayLevelEmphasis,0.0,-1.6722579990631679,0.18059709007176983
ExtraTree_RFE,25,original_gldm_SmallDependenceLowGrayLevelEmphasis,0.09439764924149335,-1.6722579990631679,0.18059709007176983
ExtraTree_RFE,25,original_ngtdm_Contrast,0.0,-1.6722579990631679,0.18059709007176983
ExtraTree_RFE,26,original_shape2D_Elongation,0.0,-1.4508472621749937,0.15773289878507116
ExtraTree_RFE,26,original_shape2D_MajorAxisLength,0.0,-1.4508472621749937,0.15773289878507116
ExtraTree_RFE,26,original_shape2D_MeshSurface,0.0,-1.4508472621749937,0.15773289878507116
ExtraTree_RFE,26,original_shape2D_MinorAxisLength,0.08468416717512156,-1.4508472621749937,0.15773289878507116
ExtraTree_RFE,26,original_shape2D_Perimeter,0.0,-1.4508472621749937,0.15773289878507116
ExtraTree_RFE,26,original_shape2D_PerimeterSurfaceRatio,0.12145016151563254,-1.4508472621749937,0.15773289878507116
ExtraTree_RFE,26,original_shape2D_Sphericity,0.1313304552979397,-1.4508472621749937,0.15773289878507116
ExtraTree_RFE,26,original_firstorder_10Percentile,0.0,-1.4508472621749937,0.15773289878507116
ExtraTree_RFE,26,original_firstorder_90Percentile,0.06761832070271304,-1.4508472621749937,0.15773289878507116
ExtraTree_RFE,26,original_firstorder_Energy,0.0,-1.4508472621749937,0.15773289878507116
ExtraTree_RFE,26,original_firstorder_InterquartileRange,0.0,-1.4508472621749937,0.15773289878507116
ExtraTree_RFE,26,original_firstorder_Kurtosis,0.08191949863848484,-1.4508472621749937,0.15773289878507116
ExtraTree_RFE,26,original_firstorder_Maximum,0.06602130884770295,-1.4508472621749937,0.15773289878507116
ExtraTree_RFE,26,original_firstorder_MeanAbsoluteDeviation,0.0,-1.4508472621749937,0.15773289878507116
ExtraTree_RFE,26,original_firstorder_Minimum,0.05405783070736664,-1.4508472621749937,0.15773289878507116
ExtraTree_RFE,26,original_firstorder_RootMeanSquared,0.08720650678657009,-1.4508472621749937,0.15773289878507116
ExtraTree_RFE,26,original_firstorder_Skewness,0.0,-1.4508472621749937,0.15773289878507116
ExtraTree_RFE,26,original_glrlm_LongRunEmphasis,0.0,-1.4508472621749937,0.15773289878507116
ExtraTree_RFE,26,original_glrlm_RunEntropy,0.05785177914413548,-1.4508472621749937,0.15773289878507116
ExtraTree_RFE,26,original_glrlm_RunLengthNonUniformityNormalized,0.0,-1.4508472621749937,0.15773289878507116
ExtraTree_RFE,26,original_gldm_DependenceNonUniformityNormalized,0.15951151563874183,-1.4508472621749937,0.15773289878507116
ExtraTree_RFE,26,original_gldm_DependenceVariance,0.0,-1.4508472621749937,0.15773289878507116
ExtraTree_RFE,26,original_gldm_SmallDependenceHighGrayLevelEmphasis,0.04294802052578131,-1.4508472621749937,0.15773289878507116
ExtraTree_RFE,26,original_gldm_SmallDependenceLowGrayLevelEmphasis,0.0,-1.4508472621749937,0.15773289878507116
ExtraTree_RFE,26,original_ngtdm_Contrast,0.045400435019809955,-1.4508472621749937,0.15773289878507116
ExtraTree_RFE,27,original_shape2D_Elongation,0.07202953837595472,-0.25323810429843774,0.20534463118397353
ExtraTree_RFE,27,original_shape2D_MajorAxisLength,0.0,-0.25323810429843774,0.20534463118397353
ExtraTree_RFE,27,original_shape2D_MeshSurface,0.0,-0.25323810429843774,0.20534463118397353
ExtraTree_RFE,27,original_shape2D_MinorAxisLength,0.05386090893052072,-0.25323810429843774,0.20534463118397353
ExtraTree_RFE,27,original_shape2D_Perimeter,0.0,-0.25323810429843774,0.20534463118397353
ExtraTree_RFE,27,original_shape2D_PerimeterSurfaceRatio,0.11323942328548905,-0.25323810429843774,0.20534463118397353
ExtraTree_RFE,27,original_shape2D_Sphericity,0.14020922172034295,-0.25323810429843774,0.20534463118397353
ExtraTree_RFE,27,original_firstorder_10Percentile,0.0,-0.25323810429843774,0.20534463118397353
ExtraTree_RFE,27,original_firstorder_90Percentile,0.0,-0.25323810429843774,0.20534463118397353
ExtraTree_RFE,27,original_firstorder_Energy,0.0,-0.25323810429843774,0.20534463118397353
ExtraTree_RFE,27,original_firstorder_InterquartileRange,0.0,-0.25323810429843774,0.20534463118397353
ExtraTree_RFE,27,original_firstorder_Kurtosis,0.05549377672777375,-0.25323810429843774,0.20534463118397353
ExtraTree_RFE,27,original_firstorder_Maximum,0.09134569862389029,-0.25323810429843774,0.20534463118397353
ExtraTree_RFE,27,original_firstorder_MeanAbsoluteDeviation,0.07287842472821775,-0.25323810429843774,0.20534463118397353
ExtraTree_RFE,27,original_firstorder_Minimum,0.05801379778296878,-0.25323810429843774,0.20534463118397353
ExtraTree_RFE,27,original_firstorder_RootMeanSquared,0.0,-0.25323810429843774,0.20534463118397353
ExtraTree_RFE,27,original_firstorder_Skewness,0.0,-0.25323810429843774,0.20534463118397353
ExtraTree_RFE,27,original_glrlm_LongRunEmphasis,0.0,-0.25323810429843774,0.20534463118397353
ExtraTree_RFE,27,original_glrlm_RunEntropy,0.0,-0.25323810429843774,0.20534463118397353
ExtraTree_RFE,27,original_glrlm_RunLengthNonUniformityNormalized,0.0,-0.25323810429843774,0.20534463118397353
ExtraTree_RFE,27,original_gldm_DependenceNonUniformityNormalized,0.14739611071512512,-0.25323810429843774,0.20534463118397353
ExtraTree_RFE,27,original_gldm_DependenceVariance,0.0,-0.25323810429843774,0.20534463118397353
ExtraTree_RFE,27,original_gldm_SmallDependenceHighGrayLevelEmphasis,0.05216931605418144,-0.25323810429843774,0.20534463118397353
ExtraTree_RFE,27,original_gldm_SmallDependenceLowGrayLevelEmphasis,0.06808594784810851,-0.25323810429843774,0.20534463118397353
ExtraTree_RFE,27,original_ngtdm_Contrast,0.07527783520742684,-0.25323810429843774,0.20534463118397353
